NO.,名前,タイプ,タイプ,世代,作業用,リージョン,音数
1,フシギダネ,くさ,どく,1,0,0,
2,フシギソウ,くさ,どく,1,0,0,
3,フシギバナ,くさ,どく,1,0,0,
4,ヒトカゲ,ほのお,,1,0,0,
5,リザード,ほのお,,1,0,0,
6,リザードン,ほのお,ひこう,1,0,0,
7,ゼニガメ,みず,,1,0,0,
8,カメール,みず,,1,0,0,
9,カメックス,みず,,1,0,0,
10,キャタピー,むし,,1,0,0,
11,トランセル,むし,,1,0,0,
12,バタフリー,むし,ひこう,1,0,0,
13,ビードル,むし,どく,1,0,0,
14,コクーン,むし,どく,1,0,0,
15,スピアー,むし,どく,1,0,0,
16,ポッポ,ノーマル,ひこう,1,0,0,
17,ピジョン,ノーマル,ひこう,1,0,0,
18,ピジョット,ノーマル,ひこう,1,0,0,
19,コラッタ,ノーマル,,1,0,1,
20,ラッタ,ノーマル,,1,0,1,
21,オニスズメ,ノーマル,ひこう,1,0,0,
22,オニドリル,ノーマル,ひこう,1,0,0,
23,アーボ,どく,,1,0,0,
24,アーボック,どく,,1,0,0,
25,ピカチュウ,でんき,,1,0,0,
26,ライチュウ,でんき,,1,0,1,
27,サンド,じめん,,1,0,1,
28,サンドパン,じめん,,1,0,1,
29,ニドラン♀,どく,,1,0,0,
30,ニドリーナ,どく,,1,0,0,
31,ニドクイン,どく,じめん,1,0,0,
32,ニドラン♂,どく,,1,0,0,
33,ニドリーノ,どく,,1,0,0,
34,ニドキング,どく,じめん,1,0,0,
35,ピッピ,フェアリー,,1,0,0,
36,ピクシー,フェアリー,,1,0,0,
37,ロコン,ほのお,,1,0,1,
38,キュウコン,ほのお,,1,0,1,
39,プリン,ノーマル,フェアリー,1,0,0,
40,プクリン,ノーマル,フェアリー,1,0,0,
41,ズバット,どく,ひこう,1,0,0,
42,ゴルバット,どく,ひこう,1,0,0,
43,ナゾノクサ,くさ,どく,1,0,0,
44,クサイハナ,くさ,どく,1,0,0,
45,ラフレシア,くさ,どく,1,0,0,
46,パラス,むし,くさ,1,0,0,
47,パラセクト,むし,くさ,1,0,0,
48,コンパン,むし,どく,1,0,0,
49,モルフォン,むし,どく,1,0,0,
50,ディグダ,じめん,,1,0,1,
51,ダグトリオ,じめん,,1,0,1,
52,ニャース,ノーマル,,1,0,1,
52,ニャース,はがね,,1,0,0,
53,ペルシアン,ノーマル,,1,0,1,
54,コダック,みず,,1,0,0,
55,ゴルダック,みず,,1,0,0,
56,マンキー,かくとう,,1,0,0,
57,オコリザル,かくとう,,1,0,0,
58,ガーディ,ほのお,,1,0,0,
59,ウインディ,ほのお,,1,0,0,
60,ニョロモ,みず,,1,0,0,
61,ニョロゾ,みず,,1,0,0,
62,ニョロボン,みず,かくとう,1,0,0,
63,ケーシィ,エスパー,,1,0,0,
64,ユンゲラー,エスパー,,1,0,0,
65,フーディン,エスパー,,1,0,0,
66,ワンリキー,かくとう,,1,0,0,
67,ゴーリキー,かくとう,,1,0,0,
68,カイリキー,かくとう,,1,0,0,
69,マダツボミ,くさ,どく,1,0,0,
70,ウツドン,くさ,どく,1,0,0,
71,ウツボット,くさ,どく,1,0,0,
72,メノクラゲ,みず,どく,1,0,0,
73,ドククラゲ,みず,どく,1,0,0,
74,イシツブテ,いわ,じめん,1,0,1,
75,ゴローン,いわ,じめん,1,0,1,
76,ゴローニャ,いわ,じめん,1,0,1,
77,ポニータ,ほのお,,1,0,1,
78,ギャロップ,ほのお,,1,0,1,
79,ヤドン,みず,エスパー,1,0,0,
80,ヤドラン,みず,エスパー,1,0,0,
81,コイル,でんき,はがね,1,0,0,
82,レアコイル,でんき,はがね,1,0,0,
83,カモネギ,ノーマル,ひこう,1,0,1,
84,ドードー,ノーマル,ひこう,1,0,0,
85,ドードリオ,ノーマル,ひこう,1,0,0,
86,パウワウ,みず,,1,0,0,
87,ジュゴン,みず,こおり,1,0,0,
88,ベトベター,どく,,1,0,1,
89,ベトベトン,どく,,1,0,1,
90,シェルダー,みず,,1,0,0,
91,パルシェン,みず,こおり,1,0,0,
92,ゴース,ゴースト,どく,1,0,0,
93,ゴースト,ゴースト,どく,1,0,0,
94,ゲンガー,ゴースト,どく,1,0,0,
95,イワーク,いわ,じめん,1,0,0,
96,スリープ,エスパー,,1,0,0,
97,スリーパー,エスパー,,1,0,0,
98,クラブ,みず,,1,0,0,
99,キングラー,みず,,1,0,0,
100,ビリリダマ,でんき,,1,0,0,
101,マルマイン,でんき,,1,0,0,
102,タマタマ,くさ,エスパー,1,0,0,
103,ナッシー,くさ,エスパー,1,0,1,
104,カラカラ,じめん,,1,0,0,
105,ガラガラ,じめん,,1,0,1,
106,サワムラー,かくとう,,1,0,0,
107,エビワラー,かくとう,,1,0,0,
108,ベロリンガ,ノーマル,,1,0,0,
109,ドガース,どく,,1,0,0,
110,マタドガス,どく,,1,0,1,
111,サイホーン,じめん,いわ,1,0,0,
112,サイドン,じめん,いわ,1,0,0,
113,ラッキー,ノーマル,,1,0,0,
114,モンジャラ,くさ,,1,0,0,
115,ガルーラ,ノーマル,,1,0,0,
116,タッツー,みず,,1,0,0,
117,シードラ,みず,,1,0,0,
118,トサキント,みず,,1,0,0,
119,アズマオウ,みず,,1,0,0,
120,ヒトデマン,みず,,1,0,0,
121,スターミー,みず,エスパー,1,0,0,
122,バリヤード,エスパー,フェアリー,1,0,1,
123,ストライク,むし,ひこう,1,0,0,
124,ルージュラ,こおり,エスパー,1,0,0,
125,エレブー,でんき,,1,0,0,
126,ブーバー,ほのお,,1,0,0,
127,カイロス,むし,,1,0,0,
128,ケンタロス,ノーマル,,1,0,0,
129,コイキング,みず,,1,0,0,
130,ギャラドス,みず,ひこう,1,0,0,
131,ラプラス,みず,こおり,1,0,0,
132,メタモン,ノーマル,,1,0,0,
133,イーブイ,ノーマル,,1,0,0,
134,シャワーズ,みず,,1,0,0,
135,サンダース,でんき,,1,0,0,
136,ブースター,ほのお,,1,0,0,
137,ポリゴン,ノーマル,,1,0,0,
138,オムナイト,いわ,みず,1,0,0,
139,オムスター,いわ,みず,1,0,0,
140,カブト,いわ,みず,1,0,0,
141,カブトプス,いわ,みず,1,0,0,
142,プテラ,いわ,ひこう,1,0,0,
143,カビゴン,ノーマル,,1,0,0,
144,フリーザー,こおり,ひこう,1,0,0,
145,サンダー,でんき,ひこう,1,0,0,
146,ファイヤー,ほのお,ひこう,1,0,0,
147,ミニリュウ,ドラゴン,,1,0,0,
148,ハクリュー,ドラゴン,,1,0,0,
149,カイリュー,ドラゴン,ひこう,1,0,0,
150,ミュウツー,エスパー,,1,0,0,
151,ミュウ,エスパー,,1,0,0,
152,チコリータ,くさ,,2,0,0,
153,ベイリーフ,くさ,,2,0,0,
154,メガニウム,くさ,,2,0,0,
155,ヒノアラシ,ほのお,,2,0,0,
156,マグマラシ,ほのお,,2,0,0,
157,バクフーン,ほのお,,2,0,0,
158,ワニノコ,みず,,2,0,0,
159,アリゲイツ,みず,,2,0,0,
160,オーダイル,みず,,2,0,0,
161,オタチ,ノーマル,,2,0,0,
162,オオタチ,ノーマル,,2,0,0,
163,ホーホー,ノーマル,ひこう,2,0,0,
164,ヨルノズク,ノーマル,ひこう,2,0,0,
165,レディバ,むし,ひこう,2,0,0,
166,レディアン,むし,ひこう,2,0,0,
167,イトマル,むし,どく,2,0,0,
168,アリアドス,むし,どく,2,0,0,
169,クロバット,どく,ひこう,2,0,0,
170,チョンチー,みず,でんき,2,0,0,
171,ランターン,みず,でんき,2,0,0,
172,ピチュー,でんき,,2,0,0,
173,ピィ,フェアリー,,2,0,0,
174,ププリン,ノーマル,フェアリー,2,0,0,
175,トゲピー,フェアリー,,2,0,0,
176,トゲチック,フェアリー,ひこう,2,0,0,
177,ネイティ,エスパー,ひこう,2,0,0,
178,ネイティオ,エスパー,ひこう,2,0,0,
179,メリープ,でんき,,2,0,0,
180,モココ,でんき,,2,0,0,
181,デンリュウ,でんき,,2,0,0,
182,キレイハナ,くさ,,2,0,0,
183,マリル,みず,フェアリー,2,0,0,
184,マリルリ,みず,フェアリー,2,0,0,
185,ウソッキー,いわ,,2,0,0,
186,ニョロトノ,みず,,2,0,0,
187,ハネッコ,くさ,ひこう,2,0,0,
188,ポポッコ,くさ,ひこう,2,0,0,
189,ワタッコ,くさ,ひこう,2,0,0,
190,エイパム,ノーマル,,2,0,0,
191,ヒマナッツ,くさ,,2,0,0,
192,キマワリ,くさ,,2,0,0,
193,ヤンヤンマ,むし,ひこう,2,0,0,
194,ウパー,みず,じめん,2,0,0,
195,ヌオー,みず,じめん,2,0,0,
196,エーフィ,エスパー,,2,0,0,
197,ブラッキー,あく,,2,0,0,
198,ヤミカラス,あく,ひこう,2,0,0,
199,ヤドキング,みず,エスパー,2,0,0,
200,ムウマ,ゴースト,,2,0,0,
201,アンノーン,エスパー,,2,0,0,
202,ソーナンス,エスパー,,2,0,0,
203,キリンリキ,ノーマル,エスパー,2,0,0,
204,クヌギダマ,むし,,2,0,0,
205,フォレトス,むし,はがね,2,0,0,
206,ノコッチ,ノーマル,,2,0,0,
207,グライガー,じめん,ひこう,2,0,0,
208,ハガネール,はがね,じめん,2,0,0,
209,ブルー,フェアリー,,2,0,0,
210,グランブル,フェアリー,,2,0,0,
211,ハリーセン,みず,どく,2,0,0,
212,ハッサム,むし,はがね,2,0,0,
213,ツボツボ,むし,いわ,2,0,0,
214,ヘラクロス,むし,かくとう,2,0,0,
215,ニューラ,あく,こおり,2,0,0,
216,ヒメグマ,ノーマル,,2,0,0,
217,リングマ,ノーマル,,2,0,0,
218,マグマッグ,ほのお,,2,0,0,
219,マグカルゴ,ほのお,いわ,2,0,0,
220,ウリムー,こおり,じめん,2,0,0,
221,イノムー,こおり,じめん,2,0,0,
222,サニーゴ,みず,いわ,2,0,1,
223,テッポウオ,みず,,2,0,0,
224,オクタン,みず,,2,0,0,
225,デリバード,こおり,ひこう,2,0,0,
226,マンタイン,みず,ひこう,2,0,0,
227,エアームド,はがね,ひこう,2,0,0,
228,デルビル,あく,ほのお,2,0,0,
229,ヘルガー,あく,ほのお,2,0,0,
230,キングドラ,みず,ドラゴン,2,0,0,
231,ゴマゾウ,じめん,,2,0,0,
232,ドンファン,じめん,,2,0,0,
233,ポリゴン2,ノーマル,,2,0,0,
234,オドシシ,ノーマル,,2,0,0,
235,ドーブル,ノーマル,,2,0,0,
236,バルキー,かくとう,,2,0,0,
237,カポエラー,かくとう,,2,0,0,
238,ムチュール,こおり,エスパー,2,0,0,
239,エレキッド,でんき,,2,0,0,
240,ブビィ,ほのお,,2,0,0,
241,ミルタンク,ノーマル,,2,0,0,
242,ハピナス,ノーマル,,2,0,0,
243,ライコウ,でんき,,2,0,0,
244,エンテイ,ほのお,,2,0,0,
245,スイクン,みず,,2,0,0,
246,ヨーギラス,いわ,じめん,2,0,0,
247,サナギラス,いわ,じめん,2,0,0,
248,バンギラス,いわ,あく,2,0,0,
249,ルギア,エスパー,ひこう,2,0,0,
250,ホウオウ,ほのお,ひこう,2,0,0,
251,セレビィ,エスパー,くさ,2,0,0,
252,キモリ,くさ,,3,0,0,
253,ジュプトル,くさ,,3,0,0,
254,ジュカイン,くさ,,3,0,0,
255,アチャモ,ほのお,,3,0,0,
256,ワカシャモ,ほのお,かくとう,3,0,0,
257,バシャーモ,ほのお,かくとう,3,0,0,
258,ミズゴロウ,みず,,3,0,0,
259,ヌマクロー,みず,じめん,3,0,0,
260,ラグラージ,みず,じめん,3,0,0,
261,ポチエナ,あく,,3,0,0,
262,グラエナ,あく,,3,0,0,
263,ジグザグマ,ノーマル,,3,0,1,
264,マッスグマ,ノーマル,,3,0,1,
265,ケムッソ,むし,,3,0,0,
266,カラサリス,むし,,3,0,0,
267,アゲハント,むし,ひこう,3,0,0,
268,マユルド,むし,,3,0,0,
269,ドクケイル,むし,どく,3,0,0,
270,ハスボー,みず,くさ,3,0,0,
271,ハスブレロ,みず,くさ,3,0,0,
272,ルンパッパ,みず,くさ,3,0,0,
273,タネボー,くさ,,3,0,0,
274,コノハナ,くさ,あく,3,0,0,
275,ダーテング,くさ,あく,3,0,0,
276,スバメ,ノーマル,ひこう,3,0,0,
277,オオスバメ,ノーマル,ひこう,3,0,0,
278,キャモメ,みず,ひこう,3,0,0,
279,ペリッパー,みず,ひこう,3,0,0,
280,ラルトス,エスパー,フェアリー,3,0,0,
281,キルリア,エスパー,フェアリー,3,0,0,
282,サーナイト,エスパー,フェアリー,3,0,0,
283,アメタマ,むし,みず,3,0,0,
284,アメモース,むし,ひこう,3,0,0,
285,キノココ,くさ,,3,0,0,
286,キノガッサ,くさ,かくとう,3,0,0,
287,ナマケロ,ノーマル,,3,0,0,
288,ヤルキモノ,ノーマル,,3,0,0,
289,ケッキング,ノーマル,,3,0,0,
290,ツチニン,むし,じめん,3,0,0,
291,テッカニン,むし,ひこう,3,0,0,
292,ヌケニン,むし,ゴースト,3,0,0,
293,ゴニョニョ,ノーマル,,3,0,0,
294,ドゴーム,ノーマル,,3,0,0,
295,バクオング,ノーマル,,3,0,0,
296,マクノシタ,かくとう,,3,0,0,
297,ハリテヤマ,かくとう,,3,0,0,
298,ルリリ,ノーマル,フェアリー,3,0,0,
299,ノズパス,いわ,,3,0,0,
300,エネコ,ノーマル,,3,0,0,
301,エネコロロ,ノーマル,,3,0,0,
302,ヤミラミ,あく,ゴースト,3,0,0,
303,クチート,はがね,フェアリー,3,0,0,
304,ココドラ,はがね,いわ,3,0,0,
305,コドラ,はがね,いわ,3,0,0,
306,ボスゴドラ,はがね,いわ,3,0,0,
307,アサナン,かくとう,エスパー,3,0,0,
308,チャーレム,かくとう,エスパー,3,0,0,
309,ラクライ,でんき,,3,0,0,
310,ライボルト,でんき,,3,0,0,
311,プラスル,でんき,,3,0,0,
312,マイナン,でんき,,3,0,0,
313,バルビート,むし,,3,0,0,
314,イルミーゼ,むし,,3,0,0,
315,ロゼリア,くさ,どく,3,0,0,
316,ゴクリン,どく,,3,0,0,
317,マルノーム,どく,,3,0,0,
318,キバニア,みず,あく,3,0,0,
319,サメハダー,みず,あく,3,0,0,
320,ホエルコ,みず,,3,0,0,
321,ホエルオー,みず,,3,0,0,
322,ドンメル,ほのお,じめん,3,0,0,
323,バクーダ,ほのお,じめん,3,0,0,
324,コータス,ほのお,,3,0,0,
325,バネブー,エスパー,,3,0,0,
326,ブーピッグ,エスパー,,3,0,0,
327,パッチール,ノーマル,,3,0,0,
328,ナックラー,じめん,,3,0,0,
329,ビブラーバ,じめん,ドラゴン,3,0,0,
330,フライゴン,じめん,ドラゴン,3,0,0,
331,サボネア,くさ,,3,0,0,
332,ノクタス,くさ,あく,3,0,0,
333,チルット,ノーマル,ひこう,3,0,0,
334,チルタリス,ドラゴン,ひこう,3,0,0,
335,ザングース,ノーマル,,3,0,0,
336,ハブネーク,どく,,3,0,0,
337,ルナトーン,いわ,エスパー,3,0,0,
338,ソルロック,いわ,エスパー,3,0,0,
339,ドジョッチ,みず,じめん,3,0,0,
340,ナマズン,みず,じめん,3,0,0,
341,ヘイガニ,みず,,3,0,0,
342,シザリガー,みず,あく,3,0,0,
343,ヤジロン,じめん,エスパー,3,0,0,
344,ネンドール,じめん,エスパー,3,0,0,
345,リリーラ,いわ,くさ,3,0,0,
346,ユレイドル,いわ,くさ,3,0,0,
347,アノプス,いわ,むし,3,0,0,
348,アーマルド,いわ,むし,3,0,0,
349,ヒンバス,みず,,3,0,0,
350,ミロカロス,みず,,3,0,0,
351,ポワルン,ノーマル,,3,0,1,
351,ポワルン,みず,,3,0,0,
351,ポワルン,こおり,,3,0,0,
352,カクレオン,ノーマル,,3,0,0,
353,カゲボウズ,ゴースト,,3,0,0,
354,ジュペッタ,ゴースト,,3,0,0,
355,ヨマワル,ゴースト,,3,0,0,
356,サマヨール,ゴースト,,3,0,0,
357,トロピウス,くさ,ひこう,3,0,0,
358,チリーン,エスパー,,3,0,0,
359,アブソル,あく,,3,0,0,
360,ソーナノ,エスパー,,3,0,0,
361,ユキワラシ,こおり,,3,0,0,
362,オニゴーリ,こおり,,3,0,0,
363,タマザラシ,こおり,みず,3,0,0,
364,トドグラー,こおり,みず,3,0,0,
365,トドゼルガ,こおり,みず,3,0,0,
366,パールル,みず,,3,0,0,
367,ハンテール,みず,,3,0,0,
368,サクラビス,みず,,3,0,0,
369,ジーランス,みず,いわ,3,0,0,
370,ラブカス,みず,,3,0,0,
371,タツベイ,ドラゴン,,3,0,0,
372,コモルー,ドラゴン,,3,0,0,
373,ボーマンダ,ドラゴン,ひこう,3,0,0,
374,ダンバル,はがね,エスパー,3,0,0,
375,メタング,はがね,エスパー,3,0,0,
376,メタグロス,はがね,エスパー,3,0,0,
377,レジロック,いわ,,3,0,0,
378,レジアイス,こおり,,3,0,0,
379,レジスチル,はがね,,3,0,0,
380,ラティアス,ドラゴン,エスパー,3,0,0,
381,ラティオス,ドラゴン,エスパー,3,0,0,
382,カイオーガ,みず,,3,0,0,
383,グラードン,じめん,,3,0,1,
384,レックウザ,ドラゴン,ひこう,3,0,0,
385,ジラーチ,はがね,エスパー,3,0,0,
386,デオキシス,エスパー,,3,0,0,
387,ナエトル,くさ,,4,0,0,
388,ハヤシガメ,くさ,,4,0,0,
389,ドダイトス,くさ,じめん,4,0,0,
390,ヒコザル,ほのお,,4,0,0,
391,モウカザル,ほのお,かくとう,4,0,0,
392,ゴウカザル,ほのお,かくとう,4,0,0,
393,ポッチャマ,みず,,4,0,0,
394,ポッタイシ,みず,,4,0,0,
395,エンペルト,みず,はがね,4,0,0,
396,ムックル,ノーマル,ひこう,4,0,0,
397,ムクバード,ノーマル,ひこう,4,0,0,
398,ムクホーク,ノーマル,ひこう,4,0,0,
399,ビッパ,ノーマル,,4,0,0,
400,ビーダル,ノーマル,みず,4,0,0,
401,コロボーシ,むし,,4,0,0,
402,コロトック,むし,,4,0,0,
403,コリンク,でんき,,4,0,0,
404,ルクシオ,でんき,,4,0,0,
405,レントラー,でんき,,4,0,0,
406,スボミー,くさ,どく,4,0,0,
407,ロズレイド,くさ,どく,4,0,0,
408,ズガイドス,いわ,,4,0,0,
409,ラムパルド,いわ,,4,0,0,
410,タテトプス,いわ,はがね,4,0,0,
411,トリデプス,いわ,はがね,4,0,0,
412,ミノムッチ,むし,,4,0,0,
413,ミノマダム,むし,くさ,4,0,0,
413,ミノマダム,むし,じめん,4,0,0,
413,ミノマダム,むし,はがね,4,0,0,
414,ガーメイル,むし,ひこう,4,0,0,
415,ミツハニー,むし,ひこう,4,0,0,
416,ビークイン,むし,ひこう,4,0,0,
417,パチリス,でんき,,4,0,0,
418,ブイゼル,みず,,4,0,0,
419,フローゼル,みず,,4,0,0,
420,チェリンボ,くさ,,4,0,0,
421,チェリム,くさ,,4,0,0,
422,カラナクシ,みず,,4,0,0,
423,トリトドン,みず,じめん,4,0,0,
424,エテボース,ノーマル,,4,0,0,
425,フワンテ,ゴースト,ひこう,4,0,0,
426,フワライド,ゴースト,ひこう,4,0,0,
427,ミミロル,ノーマル,,4,0,0,
428,ミミロップ,ノーマル,,4,0,0,
429,ムウマージ,ゴースト,,4,0,0,
430,ドンカラス,あく,ひこう,4,0,0,
431,ニャルマー,ノーマル,,4,0,0,
432,ブニャット,ノーマル,,4,0,0,
433,リーシャン,エスパー,,4,0,0,
434,スカンプー,どく,あく,4,0,0,
435,スカタンク,どく,あく,4,0,0,
436,ドーミラー,はがね,エスパー,4,0,0,
437,ドータクン,はがね,エスパー,4,0,0,
438,ウソハチ,いわ,,4,0,0,
439,マネネ,エスパー,フェアリー,4,0,0,
440,ピンプク,ノーマル,,4,0,0,
441,ペラップ,ノーマル,ひこう,4,0,0,
442,ミカルゲ,ゴースト,あく,4,0,0,
443,フカマル,ドラゴン,じめん,4,0,0,
444,ガバイト,ドラゴン,じめん,4,0,0,
445,ガブリアス,ドラゴン,じめん,4,0,0,
446,ゴンベ,ノーマル,,4,0,0,
447,リオル,かくとう,,4,0,0,
448,ルカリオ,かくとう,はがね,4,0,0,
449,ヒポポタス,じめん,,4,0,0,
450,カバルドン,じめん,,4,0,0,
451,スコルピ,どく,むし,4,0,0,
452,ドラピオン,どく,あく,4,0,0,
453,グレッグル,どく,かくとう,4,0,0,
454,ドクロッグ,どく,かくとう,4,0,0,
455,マスキッパ,くさ,,4,0,0,
456,ケイコウオ,みず,,4,0,0,
457,ネオラント,みず,,4,0,0,
458,タマンタ,みず,ひこう,4,0,0,
459,ユキカブリ,くさ,こおり,4,0,0,
460,ユキノオー,くさ,こおり,4,0,0,
461,マニューラ,あく,こおり,4,0,0,
462,ジバコイル,でんき,はがね,4,0,0,
463,ベロベルト,ノーマル,,4,0,0,
464,ドサイドン,じめん,いわ,4,0,0,
465,モジャンボ,くさ,,4,0,0,
466,エレキブル,でんき,,4,0,0,
467,ブーバーン,ほのお,,4,0,0,
468,トゲキッス,フェアリー,ひこう,4,0,0,
469,メガヤンマ,むし,ひこう,4,0,0,
470,リーフィア,くさ,,4,0,0,
471,グレイシア,こおり,,4,0,0,
472,グライオン,じめん,ひこう,4,0,0,
473,マンムー,こおり,じめん,4,0,0,
474,ポリゴンZ,ノーマル,,4,0,0,
475,エルレイド,エスパー,かくとう,4,0,0,
476,ダイノーズ,いわ,はがね,4,0,0,
477,ヨノワール,ゴースト,,4,0,0,
478,ユキメノコ,こおり,ゴースト,4,0,0,
479,ロトム,でんき,ゴースト,4,0,1,
479,ロトム,でんき,ひこう,4,0,0,
479,ロトム,でんき,こおり,4,0,0,
479,ロトム,でんき,みず,4,0,0,
479,ロトム,でんき,くさ,4,0,0,
480,ユクシー,エスパー,,4,0,0,
481,エムリット,エスパー,,4,0,0,
482,アグノム,エスパー,,4,0,0,
483,ディアルガ,はがね,ドラゴン,4,0,0,
484,パルキア,みず,ドラゴン,4,0,0,
485,ヒードラン,ほのお,はがね,4,0,0,
486,レジギガス,ノーマル,,4,0,0,
487,ギラティナ,ゴースト,ドラゴン,4,0,0,
488,クレセリア,エスパー,,4,0,0,
489,フィオネ,みず,,4,0,0,
490,マナフィ,みず,,4,0,0,
491,ダークライ,あく,,4,0,0,
492,シェイミ,くさ,,4,0,0,
492,シェイミ,くさ,ひこう,4,0,0,
493,アルセウス,ノーマル,,4,0,0,
494,ビクティニ,エスパー,ほのお,5,0,0,
495,ツタージャ,くさ,,5,0,0,
496,ジャノビー,くさ,,5,0,0,
497,ジャローダ,くさ,,5,0,0,
498,ポカブ,ほのお,,5,0,0,
499,チャオブー,ほのお,かくとう,5,0,0,
500,エンブオー,ほのお,かくとう,5,0,0,
501,ミジュマル,みず,,5,0,0,
502,フタチマル,みず,,5,0,0,
503,ダイケンキ,みず,,5,0,0,
504,ミネズミ,ノーマル,,5,0,0,
505,ミルホッグ,ノーマル,,5,0,0,
506,ヨーテリー,ノーマル,,5,0,0,
507,ハーデリア,ノーマル,,5,0,0,
508,ムーランド,ノーマル,,5,0,0,
509,チョロネコ,あく,,5,0,0,
510,レパルダス,あく,,5,0,0,
511,ヤナップ,くさ,,5,0,0,
512,ヤナッキー,くさ,,5,0,0,
513,バオップ,ほのお,,5,0,0,
514,バオッキー,ほのお,,5,0,0,
515,ヒヤップ,みず,,5,0,0,
516,ヒヤッキー,みず,,5,0,0,
517,ムンナ,エスパー,,5,0,0,
518,ムシャーナ,エスパー,,5,0,0,
519,マメパト,ノーマル,ひこう,5,0,0,
520,ハトーボー,ノーマル,ひこう,5,0,0,
521,ケンホロウ,ノーマル,ひこう,5,0,0,
522,シママ,でんき,,5,0,0,
523,ゼブライカ,でんき,,5,0,0,
524,ダンゴロ,いわ,,5,0,0,
525,ガントル,いわ,,5,0,0,
526,ギガイアス,いわ,,5,0,0,
527,コロモリ,エスパー,ひこう,5,0,0,
528,ココロモリ,エスパー,ひこう,5,0,0,
529,モグリュー,じめん,,5,0,0,
530,ドリュウズ,じめん,はがね,5,0,0,
531,タブンネ,ノーマル,,5,0,0,
532,ドッコラー,かくとう,,5,0,0,
533,ドテッコツ,かくとう,,5,0,0,
534,ローブシン,かくとう,,5,0,0,
535,オタマロ,みず,,5,0,0,
536,ガマガル,みず,じめん,5,0,0,
537,ガマゲロゲ,みず,じめん,5,0,0,
538,ナゲキ,かくとう,,5,0,0,
539,ダゲキ,かくとう,,5,0,0,
540,クルミル,むし,くさ,5,0,0,
541,クルマユ,むし,くさ,5,0,0,
542,ハハコモリ,むし,くさ,5,0,0,
543,フシデ,むし,どく,5,0,0,
544,ホイーガ,むし,どく,5,0,0,
545,ペンドラー,むし,どく,5,0,0,
546,モンメン,くさ,フェアリー,5,0,0,
547,エルフーン,くさ,フェアリー,5,0,0,
548,チュリネ,くさ,,5,0,0,
549,ドレディア,くさ,,5,0,0,
550,バスラオ,みず,,5,0,0,
551,メグロコ,じめん,あく,5,0,0,
552,ワルビル,じめん,あく,5,0,0,
553,ワルビアル,じめん,あく,5,0,0,
554,ダルマッカ,ほのお,,5,0,1,
555,ヒヒダルマ,ほのお,,5,0,1,
555,ヒヒダルマ,こおり,,5,0,0,
555,ヒヒダルマ,こおり,ほのお,5,0,0,
556,マラカッチ,くさ,,5,0,0,
557,イシズマイ,むし,いわ,5,0,0,
558,イワパレス,むし,いわ,5,0,0,
559,ズルッグ,あく,かくとう,5,0,0,
560,ズルズキン,あく,かくとう,5,0,0,
561,シンボラー,エスパー,ひこう,5,0,0,
562,デスマス,ゴースト,,5,0,1,
563,デスカーン,ゴースト,,5,0,0,
564,プロトーガ,みず,いわ,5,0,0,
565,アバゴーラ,みず,いわ,5,0,0,
566,アーケン,いわ,ひこう,5,0,0,
567,アーケオス,いわ,ひこう,5,0,0,
568,ヤブクロン,どく,,5,0,0,
569,ダストダス,どく,,5,0,0,
570,ゾロア,あく,,5,0,0,
571,ゾロアーク,あく,,5,0,0,
572,チラーミィ,ノーマル,,5,0,0,
573,チラチーノ,ノーマル,,5,0,0,
574,ゴチム,エスパー,,5,0,0,
575,ゴチミル,エスパー,,5,0,0,
576,ゴチルゼル,エスパー,,5,0,0,
577,ユニラン,エスパー,,5,0,0,
578,ダブラン,エスパー,,5,0,0,
579,ランクルス,エスパー,,5,0,0,
580,コアルヒー,みず,ひこう,5,0,0,
581,スワンナ,みず,ひこう,5,0,0,
582,バニプッチ,こおり,,5,0,0,
583,バニリッチ,こおり,,5,0,0,
584,バイバニラ,こおり,,5,0,0,
585,シキジカ,ノーマル,くさ,5,0,0,
586,メブキジカ,ノーマル,くさ,5,0,0,
587,エモンガ,でんき,ひこう,5,0,0,
588,カブルモ,むし,,5,0,0,
589,シュバルゴ,むし,はがね,5,0,0,
590,タマゲタケ,くさ,どく,5,0,0,
591,モロバレル,くさ,どく,5,0,0,
592,プルリル,みず,ゴースト,5,0,0,
593,ブルンゲル,みず,ゴースト,5,0,0,
594,ママンボウ,みず,,5,0,0,
595,バチュル,むし,でんき,5,0,0,
596,デンチュラ,むし,でんき,5,0,0,
597,テッシード,くさ,はがね,5,0,0,
598,ナットレイ,くさ,はがね,5,0,0,
599,ギアル,はがね,,5,0,0,
600,ギギアル,はがね,,5,0,0,
601,ギギギアル,はがね,,5,0,0,
602,シビシラス,でんき,,5,0,0,
603,シビビール,でんき,,5,0,0,
604,シビルドン,でんき,,5,0,0,
605,リグレー,エスパー,,5,0,0,
606,オーベム,エスパー,,5,0,0,
607,ヒトモシ,ゴースト,ほのお,5,0,0,
608,ランプラー,ゴースト,ほのお,5,0,0,
609,シャンデラ,ゴースト,ほのお,5,0,0,
610,キバゴ,ドラゴン,,5,0,0,
611,オノンド,ドラゴン,,5,0,0,
612,オノノクス,ドラゴン,,5,0,0,
613,クマシュン,こおり,,5,0,0,
614,ツンベアー,こおり,,5,0,0,
615,フリージオ,こおり,,5,0,0,
616,チョボマキ,むし,,5,0,0,
617,アギルダー,むし,,5,0,0,
618,マッギョ,でんき,じめん,5,0,1,
619,コジョフー,かくとう,,5,0,0,
620,コジョンド,かくとう,,5,0,0,
621,クリムガン,ドラゴン,,5,0,0,
622,ゴビット,じめん,ゴースト,5,0,0,
623,ゴルーグ,じめん,ゴースト,5,0,0,
624,コマタナ,あく,はがね,5,0,0,
625,キリキザン,あく,はがね,5,0,0,
626,バッフロン,ノーマル,,5,0,0,
627,ワシボン,ノーマル,ひこう,5,0,0,
628,ウォーグル,ノーマル,ひこう,5,0,0,
629,バルチャイ,あく,ひこう,5,0,0,
630,バルジーナ,あく,ひこう,5,0,0,
631,クイタラン,ほのお,,5,0,0,
632,アイアント,むし,はがね,5,0,0,
633,モノズ,あく,ドラゴン,5,0,0,
634,ジヘッド,あく,ドラゴン,5,0,0,
635,サザンドラ,あく,ドラゴン,5,0,0,
636,メラルバ,むし,ほのお,5,0,0,
637,ウルガモス,むし,ほのお,5,0,0,
638,コバルオン,はがね,かくとう,5,0,0,
639,テラキオン,いわ,かくとう,5,0,0,
640,ビリジオン,くさ,かくとう,5,0,0,
641,トルネロス,ひこう,,5,0,0,
642,ボルトロス,でんき,ひこう,5,0,0,
643,レシラム,ドラゴン,ほのお,5,0,0,
644,ゼクロム,ドラゴン,でんき,5,0,0,
645,ランドロス,じめん,ひこう,5,0,0,
646,キュレム,ドラゴン,こおり,5,0,0,
647,ケルディオ,みず,かくとう,5,0,0,
648,メロエッタ,ノーマル,エスパー,5,0,0,
648,メロエッタ,ノーマル,かくとう,5,0,0,
649,ゲノセクト,むし,はがね,5,0,0,
650,ハリマロン,くさ,,6,0,0,
651,ハリボーグ,くさ,,6,0,0,
652,ブリガロン,くさ,かくとう,6,0,0,
653,フォッコ,ほのお,,6,0,0,
654,テールナー,ほのお,,6,0,0,
655,マフォクシー,ほのお,エスパー,6,0,0,
656,ケロマツ,みず,,6,0,0,
657,ゲコガシラ,みず,,6,0,0,
658,ゲッコウガ,みず,あく,6,0,0,
659,ホルビー,ノーマル,,6,0,0,
660,ホルード,ノーマル,じめん,6,0,0,
661,ヤヤコマ,ノーマル,ひこう,6,0,0,
662,ヒノヤコマ,ほのお,ひこう,6,0,0,
663,ファイアロー,ほのお,ひこう,6,0,0,
664,コフキムシ,むし,,6,0,0,
665,コフーライ,むし,,6,0,0,
666,ビビヨン,むし,ひこう,6,0,0,
667,シシコ,ほのお,ノーマル,6,0,0,
668,カエンジシ,ほのお,ノーマル,6,0,0,
669,フラベベ,フェアリー,,6,0,0,
670,フラエッテ,フェアリー,,6,0,0,
671,フラージェス,フェアリー,,6,0,0,
672,メェークル,くさ,,6,0,0,
673,ゴーゴート,くさ,,6,0,0,
674,ヤンチャム,かくとう,,6,0,0,
675,ゴロンダ,かくとう,あく,6,0,0,
676,トリミアン,ノーマル,,6,0,0,
677,ニャスパー,エスパー,,6,0,0,
678,ニャオニクス,エスパー,,6,0,0,
679,ヒトツキ,はがね,ゴースト,6,0,0,
680,ニダンギル,はがね,ゴースト,6,0,0,
681,ギルガルド,はがね,ゴースト,6,0,0,
682,シュシュプ,フェアリー,,6,0,0,
683,フレフワン,フェアリー,,6,0,0,
684,ペロッパフ,フェアリー,,6,0,0,
685,ペロリーム,フェアリー,,6,0,0,
686,マーイーカ,あく,エスパー,6,0,0,
687,カラマネロ,あく,エスパー,6,0,0,
688,カメテテ,いわ,みず,6,0,0,
689,ガメノデス,いわ,みず,6,0,0,
690,クズモー,どく,みず,6,0,0,
691,ドラミドロ,どく,ドラゴン,6,0,0,
692,ウデッポウ,みず,,6,0,0,
693,ブロスター,みず,,6,0,0,
694,エリキテル,でんき,ノーマル,6,0,0,
695,エレザード,でんき,ノーマル,6,0,0,
696,チゴラス,いわ,ドラゴン,6,0,0,
697,ガチゴラス,いわ,ドラゴン,6,0,0,
698,アマルス,いわ,こおり,6,0,0,
699,アマルルガ,いわ,こおり,6,0,0,
700,ニンフィア,フェアリー,,6,0,0,
701,ルチャブル,かくとう,ひこう,6,0,0,
702,デデンネ,でんき,フェアリー,6,0,0,
703,メレシー,いわ,フェアリー,6,0,0,
704,ヌメラ,ドラゴン,,6,0,0,
705,ヌメイル,ドラゴン,,6,0,0,
706,ヌメルゴン,ドラゴン,,6,0,0,
707,クレッフィ,はがね,フェアリー,6,0,0,
708,ボクレー,ゴースト,くさ,6,0,0,
709,オーロット,ゴースト,くさ,6,0,0,
710,バケッチャ,ゴースト,くさ,6,0,0,
711,パンプジン,ゴースト,くさ,6,0,0,
712,カチコール,こおり,,6,0,0,
713,クレベース,こおり,,6,0,0,
714,オンバット,ひこう,ドラゴン,6,0,0,
715,オンバーン,ひこう,ドラゴン,6,0,0,
716,ゼルネアス,フェアリー,,6,0,0,
717,イベルタル,あく,ひこう,6,0,0,
718,ジガルデ,ドラゴン,じめん,6,0,0,
719,ディアンシー,いわ,フェアリー,6,0,0,
720,フーパ,エスパー,ゴースト,6,0,0,
720,フーパ,エスパー,あく,6,0,0,
721,ボルケニオン,ほのお,みず,6,0,0,
722,モクロー,くさ,ひこう,7,0,0,
723,フクスロー,くさ,ひこう,7,0,0,
724,ジュナイパー,くさ,ゴースト,7,0,0,
725,ニャビー,ほのお,,7,0,0,
726,ニャヒート,ほのお,,7,0,0,
727,ガオガエン,ほのお,あく,7,0,0,
728,アシマリ,みず,,7,0,0,
729,オシャマリ,みず,,7,0,0,
730,アシレーヌ,みず,フェアリー,7,0,0,
731,ツツケラ,ノーマル,ひこう,7,0,0,
732,ケララッパ,ノーマル,ひこう,7,0,0,
733,ドデカバシ,ノーマル,ひこう,7,0,0,
734,ヤングース,ノーマル,,7,0,0,
735,デカグース,ノーマル,,7,0,0,
736,アゴジムシ,むし,,7,0,0,
737,デンヂムシ,むし,でんき,7,0,0,
738,クワガノン,むし,でんき,7,0,0,
739,マケンカニ,かくとう,,7,0,0,
740,ケケンカニ,かくとう,こおり,7,0,0,
741,オドリドリ,ほのお,ひこう,7,0,0,
741,オドリドリ,でんき,ひこう,7,0,0,
741,オドリドリ,エスパー,ひこう,7,0,0,
741,オドリドリ,ゴースト,ひこう,7,0,0,
742,アブリー,むし,フェアリー,7,0,0,
743,アブリボン,むし,フェアリー,7,0,0,
744,イワンコ,いわ,,7,0,0,
745,ルガルガン,いわ,,7,0,0,
746,ヨワシ,みず,,7,0,0,
747,ヒドイデ,どく,みず,7,0,0,
748,ドヒドイデ,どく,みず,7,0,0,
749,ドロバンコ,じめん,,7,0,0,
750,バンバドロ,じめん,,7,0,0,
751,シズクモ,みず,むし,7,0,0,
752,オニシズクモ,みず,むし,7,0,0,
753,カリキリ,くさ,,7,0,0,
754,ラランテス,くさ,,7,0,0,
755,ネマシュ,くさ,フェアリー,7,0,0,
756,マシェード,くさ,フェアリー,7,0,0,
757,ヤトウモリ,どく,ほのお,7,0,0,
758,エンニュート,どく,ほのお,7,0,0,
759,ヌイコグマ,ノーマル,かくとう,7,0,0,
760,キテルグマ,ノーマル,かくとう,7,0,0,
761,アマカジ,くさ,,7,0,0,
762,アママイコ,くさ,,7,0,0,
763,アマージョ,くさ,,7,0,0,
764,キュワワー,フェアリー,,7,0,0,
765,ヤレユータン,ノーマル,エスパー,7,0,0,
766,ナゲツケサル,かくとう,,7,0,0,
767,コソクムシ,むし,みず,7,0,0,
768,グソクムシャ,むし,みず,7,0,0,
769,スナバァ,ゴースト,じめん,7,0,0,
770,シロデスナ,ゴースト,じめん,7,0,0,
771,ナマコブシ,みず,,7,0,0,
772,タイプ:ヌル,ノーマル,,7,0,0,
773,シルヴァディ,ノーマル,,7,0,0,
774,メテノ,いわ,ひこう,7,0,0,
775,ネッコアラ,ノーマル,,7,0,0,
776,バクガメス,ほのお,ドラゴン,7,0,0,
777,トゲデマル,でんき,はがね,7,0,0,
778,ミミッキュ,ゴースト,フェアリー,7,0,0,
779,ハギギシリ,みず,エスパー,7,0,0,
780,ジジーロン,ノーマル,ドラゴン,7,0,0,
781,ダダリン,ゴースト,くさ,7,0,0,
782,ジャラコ,ドラゴン,,7,0,0,
783,ジャランゴ,ドラゴン,かくとう,7,0,0,
784,ジャラランガ,ドラゴン,かくとう,7,0,0,
785,カプ・コケコ,でんき,フェアリー,7,0,0,
786,カプ・テテフ,エスパー,フェアリー,7,0,0,
787,カプ・ブルル,くさ,フェアリー,7,0,0,
788,カプ・レヒレ,みず,フェアリー,7,0,0,
789,コスモッグ,エスパー,,7,0,0,
790,コスモウム,エスパー,,7,0,0,
791,ソルガレオ,エスパー,はがね,7,0,0,
792,ルナアーラ,エスパー,ゴースト,7,0,0,
793,ウツロイド,いわ,どく,7,0,0,
794,マッシブーン,むし,かくとう,7,0,0,
795,フェローチェ,むし,かくとう,7,0,0,
796,デンジュモク,でんき,,7,0,0,
797,テッカグヤ,はがね,ひこう,7,0,0,
798,カミツルギ,くさ,はがね,7,0,0,
799,アクジキング,あく,ドラゴン,7,0,0,
800,ネクロズマ,エスパー,,7,0,1,
800,ネクロズマ,エスパー,ゴースト,7,0,0,
800,ネクロズマ,エスパー,ドラゴン,7,0,0,
801,マギアナ,はがね,フェアリー,7,0,0,
802,マーシャドー,かくとう,ゴースト,7,0,0,
803,ベベノム,どく,,7,0,0,
804,アーゴヨン,どく,ドラゴン,7,0,0,
805,ツンデツンデ,いわ,はがね,7,0,0,
806,ズガドーン,ほのお,ゴースト,7,0,0,
807,ゼラオラ,でんき,,7,0,0,
808,メルタン,はがね,,7,0,0,
809,メルメタル,はがね,,7,0,0,
810,サルノリ,くさ,,8,0,0,
811,バチンキー,くさ,,8,0,0,
812,ゴリランダー,くさ,,8,0,0,
813,ヒバニー,ほのお,,8,0,0,
814,ラビフット,ほのお,,8,0,0,
815,エースバーン,ほのお,,8,0,0,
816,メッソン,みず,,8,0,0,
817,ジメレオン,みず,,8,0,0,
818,インテレオン,みず,,8,0,0,
819,ホシガリス,ノーマル,,8,0,0,
820,ヨクバリス,ノーマル,,8,0,0,
821,ココガラ,ひこう,,8,0,0,
822,アオガラス,ひこう,,8,0,0,
823,アーマーガア,ひこう,はがね,8,0,0,
824,サッチムシ,むし,,8,0,0,
825,レドームシ,むし,エスパー,8,0,0,
826,イオルブ,むし,エスパー,8,0,0,
827,クスネ,あく,,8,0,0,
828,フォクスライ,あく,,8,0,0,
829,ヒメンカ,くさ,,8,0,0,
830,ワタシラガ,くさ,,8,0,0,
831,ウールー,ノーマル,,8,0,0,
832,バイウールー,ノーマル,,8,0,0,
833,カムカメ,みず,,8,0,0,
834,カジリガメ,みず,いわ,8,0,0,
835,ワンパチ,でんき,,8,0,0,
836,パルスワン,でんき,,8,0,0,
837,タンドン,いわ,,8,0,0,
838,トロッゴン,いわ,ほのお,8,0,0,
839,セキタンザン,いわ,ほのお,8,0,0,
840,カジッチュ,くさ,ドラゴン,8,0,0,
841,アップリュー,くさ,ドラゴン,8,0,0,
842,タルップル,くさ,ドラゴン,8,0,0,
843,スナヘビ,じめん,,8,0,0,
844,サダイジャ,じめん,,8,0,0,
845,ウッウ,ひこう,みず,8,0,0,
846,サシカマス,みず,,8,0,0,
847,カマスジョー,みず,,8,0,0,
848,エレズン,でんき,どく,8,0,0,
849,ストリンダー,でんき,どく,8,0,0,
850,ヤクデ,ほのお,むし,8,0,0,
851,マルヤクデ,ほのお,むし,8,0,0,
852,タタッコ,かくとう,,8,0,0,
853,オトスパス,かくとう,,8,0,0,
854,ヤバチャ,ゴースト,,8,0,0,
855,ポットデス,ゴースト,,8,0,0,
856,ミブリム,エスパー,,8,0,0,
857,テブリム,エスパー,,8,0,0,
858,ブリムオン,エスパー,フェアリー,8,0,0,
859,ベロバー,あく,フェアリー,8,0,0,
860,ギモー,あく,フェアリー,8,0,0,
861,オーロンゲ,あく,フェアリー,8,0,0,
862,タチフサグマ,あく,ノーマル,8,0,0,
863,ニャイキング,はがね,,8,0,0,
864,サニゴーン,ゴースト,,8,0,0,
865,ネギガナイト,かくとう,,8,0,0,
866,バリコオル,こおり,エスパー,8,0,0,
867,デスバーン,じめん,ゴースト,8,0,0,
868,マホミル,フェアリー,,8,0,0,
869,マホイップ,フェアリー,,8,0,0,
870,タイレーツ,かくとう,,8,0,0,
871,バチンウニ,でんき,,8,0,0,
872,ユキハミ,こおり,むし,8,0,0,
873,モスノウ,こおり,むし,8,0,0,
874,イシヘンジン,いわ,,8,0,0,
875,コオリッポ,こおり,,8,0,0,
876,イエッサン,エスパー,ノーマル,8,0,0,
877,モルペコ,でんき,あく,8,0,0,
878,ゾウドウ,はがね,,8,0,0,
879,ダイオウドウ,はがね,,8,0,0,
880,パッチラゴン,でんき,ドラゴン,8,0,0,
881,パッチルドン,でんき,こおり,8,0,0,
882,ウオノラゴン,みず,ドラゴン,8,0,0,
883,ウオチルドン,みず,こおり,8,0,0,
884,ジュラルドン,はがね,ドラゴン,8,0,0,
885,ドラメシヤ,ドラゴン,ゴースト,8,0,0,
886,ドロンチ,ドラゴン,ゴースト,8,0,0,
887,ドラパルト,ドラゴン,ゴースト,8,0,0,
888,ザシアン,フェアリー,,8,0,1,
889,ザマゼンタ,かくとう,,8,0,1,
890,ムゲンダイナ,どく,ドラゴン,8,0,0,
